{
   "Bob": {
      "pf": [
         1695.88,
         1360.66,
         1370.5,
         1663.52,
         1812.36,
         1574.68,
         1497.14
      ],
      "pa": [
         1536.1,
         1664.5800000000004,
         1461.4999999999998,
         1627.6999999999998,
         1637.7,
         1643.6,
         1749.88
      ],
      "rank": [
         6,
         11,
         5,
         3,
         5,
         4,
         11
      ],
      "seed": [
         3,
         10,
         6,
         3,
         3,
         6,
         11
      ],
      "wins": [
         9,
         3,
         7,
         8,
         9,
         7,
         4
      ],
      "losses": [
         4,
         10,
         6,
         6,
         5,
         7,
         10
      ]
   },
   "Brendon": {
      "pf": [
         1594.3,
         1566.98,
         1601.9,
         1688.38,
         1852.88,
         1560.64,
         1700.04
      ],
      "pa": [
         1432.7000000000005,
         1401.14,
         1515.38,
         1595.4,
         1558.46,
         1499.56,
         1515.82
      ],
      "rank": [
         4,
         6,
         8,
         4,
         4,
         7,
         1
      ],
      "seed": [
         2,
         4,
         7,
         1,
         1,
         7,
         5
      ],
      "wins": [
         10,
         9,
         6,
         9,
         12,
         7,
         8
      ],
      "losses": [
         3,
         4,
         7,
         5,
         2,
         7,
         6
      ]
   },
   "Brian": {
      "pf": [
         1923.72,
         1390.62,
         1499.46,
         1526.0,
         1489.78,
         1636.02,
         1769.7
      ],
      "pa": [
         1489.3000000000002,
         1464.26,
         1527.36,
         1630.78,
         1696.44,
         1595.86,
         1746.4199999999998
      ],
      "rank": [
         3,
         7,
         7,
         12,
         11,
         8,
         2
      ],
      "seed": [
         1,
         8,
         9,
         9,
         12,
         8,
         3
      ],
      "wins": [
         10,
         6,
         6,
         7,
         4,
         6,
         8
      ],
      "losses": [
         3,
         7,
         7,
         7,
         10,
         8,
         6
      ]
   },
   "Chris": {
      "pf": [
         1481.42,
         1185.92,
         1478.46,
         1657.64,
         1478.84,
         1300.14,
         1144.38
      ],
      "pa": [
         1619.3799999999997,
         1534.1,
         1499.2,
         1643.6999999999998,
         1503.3800000000003,
         1509.5000000000002,
         1584.5199999999998
      ],
      "rank": [
         12,
         10,
         3,
         6,
         10,
         12,
         10
      ],
      "seed": [
         9,
         12,
         4,
         6,
         7,
         12,
         12
      ],
      "wins": [
         5,
         2,
         8,
         7,
         6,
         4,
         2
      ],
      "losses": [
         8,
         11,
         5,
         7,
         8,
         10,
         12
      ]
   },
   "Eric": {
      "pf": [
         1571.7,
         1645.14,
         1443.6,
         1681.3,
         1681.98,
         1788.14,
         1642.0
      ],
      "pa": [
         1668.8000000000002,
         1550.3200000000002,
         1618.9,
         1642.5199999999998,
         1864.92,
         1740.0200000000002,
         1496.34
      ],
      "rank": [
         9,
         5,
         11,
         2,
         7,
         5,
         9
      ],
      "seed": [
         8,
         6,
         12,
         5,
         11,
         4,
         8
      ],
      "wins": [
         5,
         7,
         2,
         7,
         4,
         8,
         7
      ],
      "losses": [
         8,
         6,
         11,
         7,
         10,
         6,
         7
      ]
   },
   "Jordan": {
      "pf": [
         1318.16,
         1622.58,
         1579.58,
         1863.24,
         1634.0,
         1545.8,
         1681.76
      ],
      "pa": [
         1516.68,
         1443.76,
         1475.46,
         1707.9600000000005,
         1667.0399999999995,
         1632.86,
         1496.22
      ],
      "rank": [
         10,
         4,
         6,
         1,
         1,
         9,
         4
      ],
      "seed": [
         12,
         5,
         5,
         2,
         6,
         9,
         1
      ],
      "wins": [
         4,
         8,
         7,
         8,
         6,
         6,
         11
      ],
      "losses": [
         9,
         5,
         6,
         6,
         8,
         8,
         3
      ]
   },
   "Keara": {
      "pf": [
         1558.82,
         1391.72,
         1651.52,
         1557.72,
         1786.48,
         1548.02,
         1827.0
      ],
      "pa": [
         1529.7199999999998,
         1476.7400000000002,
         1516.98,
         1599.1,
         1563.38,
         1729.02,
         1673.94
      ],
      "rank": [
         5,
         12,
         4,
         11,
         2,
         11,
         3
      ],
      "seed": [
         5,
         9,
         3,
         11,
         4,
         10,
         2
      ],
      "wins": [
         7,
         5,
         8,
         5,
         9,
         5,
         8
      ],
      "losses": [
         6,
         8,
         5,
         9,
         5,
         9,
         6
      ]
   },
   "Licata": {
      "pf": [
         1513.06,
         1647.98,
         1697.38,
         1608.74,
         1591.8,
         1460.3,
         1689.66
      ],
      "pa": [
         1462.0199999999998,
         1444.58,
         1548.64,
         1657.2799999999995,
         1676.42,
         1665.46,
         1624.7999999999995
      ],
      "rank": [
         2,
         1,
         2,
         7,
         6,
         10,
         7
      ],
      "seed": [
         6,
         1,
         2,
         7,
         5,
         11,
         7
      ],
      "wins": [
         7,
         11,
         8,
         7,
         8,
         4,
         7
      ],
      "losses": [
         6,
         2,
         5,
         7,
         6,
         10,
         7
      ]
   },
   "Mike": {
      "pf": [
         1420.06,
         1488.04,
         1511.4,
         1649.32,
         1789.44,
         1718.44,
         1574.8
      ],
      "pa": [
         1617.6599999999996,
         1418.34,
         1388.96,
         1581.5399999999995,
         1592.6999999999998,
         1614.4,
         1694.82
      ],
      "rank": [
         11,
         8,
         1,
         5,
         3,
         6,
         8
      ],
      "seed": [
         11,
         7,
         1,
         4,
         2,
         3,
         10
      ],
      "wins": [
         4,
         6,
         9,
         8,
         11,
         9,
         6
      ],
      "losses": [
         9,
         7,
         4,
         6,
         3,
         5,
         8
      ]
   },
   "PJ": {
      "pf": [
         1554.02,
         1646.44,
         1430.22,
         1552.38,
         1496.0,
         1638.9,
         1745.4
      ],
      "pa": [
         1541.14,
         1441.3000000000002,
         1675.7399999999998,
         1528.66,
         1561.1400000000003,
         1417.0800000000002,
         1682.2599999999998
      ],
      "rank": [
         8,
         3,
         10,
         8,
         12,
         2,
         6
      ],
      "seed": [
         7,
         3,
         11,
         8,
         10,
         2,
         4
      ],
      "wins": [
         6,
         9,
         5,
         7,
         5,
         10,
         8
      ],
      "losses": [
         7,
         4,
         8,
         7,
         9,
         4,
         6
      ]
   },
   "Ryan": {
      "pf": [
         1437.56,
         1682.12,
         1507.88,
         1534.46,
         1665.84,
         1781.5,
         1569.52
      ],