{
   "Bob": {
      "pf": [
         140.7266666666667,
         -131.3416666666667,
         -141.25333333333333,
         26.961666666666588,
         162.10666666666657,
         -28.25833333333344,
         -128.01333333333332
      ],
      "pa": [
         -19.053333333333512,
         172.5783333333336,
         -50.25333333333356,
         -8.858333333333348,
         -12.553333333333285,
         40.661666666666406,
         124.72666666666669
      ],
      "rank": [
         6,
         11,
         5,
         3,
         5,
         4,
         11
      ],
      "seed": [
         3,
         10,
         6,
         3,
         3,
         6,
         11
      ],
      "wins": [
         9,
         3,
         7,
         8,
         9,
         7,
         4
      ],
      "losses": [
         4,
         10,
         6,
         6,
         5,
         7,
         10
      ]
   },
   "Brendon": {
      "pf": [
         39.14666666666653,
         74.97833333333324,
         90.14666666666676,
         51.821666666666715,
         202.62666666666678,
         -42.2983333333334,
         74.88666666666654
      ],
      "pa": [
         -122.45333333333292,
         -90.86166666666668,
         3.626666666666779,
         -41.158333333333076,
         -91.7933333333333,
         -103.37833333333356,
         -109.33333333333348
      ],
      "rank": [
         4,
         6,
         8,
         4,
         4,
         7,
         1
      ],
      "seed": [
         2,
         4,
         7,
         1,
         1,
         7,
         5
      ],
      "wins": [
         10,
         9,
         6,
         9,
         12,
         7,
         8
      ],
      "losses": [
         3,
         4,
         7,
         5,
         2,
         7,
         6
      ]
   },
   "Brian": {
      "pf": [
         368.5666666666666,
         -101.38166666666689,
         -12.293333333333294,
         -110.5583333333334,
         -160.47333333333336,
         33.08166666666648,
         144.54666666666662
      ],
      "pa": [
         -65.85333333333324,
         -27.741666666666788,
         15.60666666666657,
         -5.778333333333194,
         46.186666666666724,
         -7.078333333333603,
         121.26666666666642
      ],
      "rank": [
         3,
         7,
         7,
         12,
         11,
         8,
         2
      ],
      "seed": [
         1,
         8,
         9,
         9,
         12,
         8,
         3
      ],
      "wins": [
         10,
         6,
         6,
         7,
         4,
         6,
         8
      ],
      "losses": [
         3,
         7,
         7,
         7,
         10,
         8,
         6
      ]
   },
   "Chris": {
      "pf": [
         -73.73333333333335,
         -306.0816666666667,
         -33.293333333333294,
         21.081666666666706,
         -171.4133333333334,
         -302.7983333333334,
         -480.7733333333333
      ],
      "pa": [
         64.22666666666623,
         42.09833333333313,
         -12.553333333333285,
         7.1416666666666515,
         -146.873333333333,
         -93.43833333333328,
         -40.63333333333367
      ],
      "rank": [
         12,
         10,
         3,
         6,
         10,
         12,
         10
      ],
      "seed": [
         9,
         12,
         4,
         6,
         7,
         12,
         12
      ],
      "wins": [
         5,
         2,
         8,
         7,
         6,
         4,
         2
      ],
      "losses": [
         8,
         11,
         5,
         7,
         8,
         10,
         12
      ]
   },
   "Eric": {
      "pf": [
         16.546666666666624,
         153.13833333333332,
         -68.15333333333342,
         44.74166666666656,
         31.726666666666688,
         185.2016666666666,
         16.84666666666658
      ],
      "pa": [
         113.64666666666676,
         58.318333333333385,
         107.14666666666676,
         5.961666666666588,
         214.66666666666674,
         137.0816666666667,
         -128.8133333333335
      ],
      "rank": [
         9,
         5,
         11,
         2,
         7,
         5,
         9
      ],
      "seed": [
         8,
         6,
         12,
         5,
         11,
         4,
         8
      ],
      "wins": [
         5,
         7,
         2,
         7,
         4,
         8,
         7
      ],
      "losses": [
         8,
         6,
         11,
         7,
         10,
         6,
         7
      ]
   },
   "Jordan": {
      "pf": [
         -236.99333333333334,
         130.57833333333315,
         67.8266666666666,
         226.68166666666662,
         -16.25333333333333,
         -57.13833333333355,
         56.60666666666657
      ],
      "pa": [
         -38.47333333333336,
         -48.24166666666679,
         -36.293333333333294,
         71.40166666666732,
         16.78666666666618,
         29.921666666666397,
         -128.9333333333334
      ],
      "rank": [
         10,
         4,
         6,
         1,
         1,
         9,
         4
      ],
      "seed": [
         12,
         5,
         5,
         2,
         6,
         9,
         1
      ],
      "wins": [
         4,
         8,
         7,
         8,
         6,
         6,
         11
      ],
      "losses": [
         9,
         5,
         6,
         6,
         8,
         8,
         3
      ]
   },
   "Keara": {
      "pf": [
         3.666666666666515,
         -100.28166666666675,
         139.76666666666665,
         -78.83833333333337,
         136.2266666666667,
         -54.91833333333352,
         201.84666666666658
      ],
      "pa": [
         -25.43333333333362,
         -15.261666666666542,
         5.226666666666688,
         -37.45833333333326,
         -86.87333333333322,
         126.08166666666648,
         48.78666666666663
      ],
      "rank": [
         5,
         12,
         4,
         11,
         2,
         11,
         3
      ],
      "seed": [
         5,
         9,
         3,
         11,
         4,
         10,
         2
      ],
      "wins": [
         7,
         5,
         8,
         5,
         9,
         5,
         8
      ],
      "losses": [
         6,
         8,
         5,
         9,
         5,
         9,
         6
      ]
   },
   "Licata": {
      "pf": [
         -42.093333333333476,
         155.97833333333324,
         185.62666666666678,
         -27.818333333333385,
         -58.453333333333376,
         -142.63833333333355,
         64.50666666666666
      ],
      "pa": [
         -93.13333333333367,
         -47.42166666666685,
         36.88666666666677,
         20.72166666666635,
         26.166666666666742,
         62.52166666666653,
         -0.3533333333339215
      ],
      "rank": [
         2,
         1,
         2,
         7,
         6,
         10,
         7
      ],
      "seed": [
         6,
         1,
         2,
         7,
         5,
         11,
         7
      ],
      "wins": [
         7,
         11,
         8,
         7,
         8,
         4,
         7
      ],
      "losses": [
         6,
         2,
         5,
         7,
         6,
         10,
         7
      ]
   },
   "Mike": {
      "pf": [
         -135.09333333333348,
         -3.961666666666815,
         -0.35333333333323935,
         12.761666666666542,
         139.18666666666672,
         115.50166666666655,
         -50.35333333333347
      ],
      "pa": [
         62.506666666666206,
         -73.66166666666686,
         -122.7933333333333,
         -55.01833333333366,
         -57.55333333333351,
         11.461666666666588,
         69.66666666666652
      ],
      "rank": [
         11,
         8,
         1,
         5,
         3,
         6,
         8
      ],
      "seed": [
         11,
         7,
         1,
         4,
         2,
         3,
         10
      ],